{
  "Linear Regression": {
    "test": {
      "mae": 69.19531854481252,
      "rmse": 152.3380809270758,
      "r2": 0.1722412392346362
    },
    "cv": {
      "n_splits": 2,
      "scoring": {
        "rmse": "neg_root_mean_squared_error",
        "mae": "neg_mean_absolute_error",
        "r2": "r2"
      },
      "rmse_mean": 270.2475743703022,
      "rmse_std": 6.4902020656080595,
      "mae_mean": 83.19960468646121,
      "mae_std": 0.6656171275002052,
      "r2_mean": 0.022991184355806493,
      "r2_std": 0.008995074815602355,
      "fold_rmse": [
        263.7573723046941,
        276.73777643591023
      ],
      "fold_mae": [
        82.53398755896102,
        83.86522181396143
      ],
      "fold_r2": [
        0.03198625917140885,
        0.013996109540204138
      ]
    },
    "is_tree": false
  },
  "Lasso Regression": {
    "test": {
      "mae": 68.0531330620215,
      "rmse": 151.67592800303993,
      "r2": 0.17942147530053532
    },
    "cv": {
      "n_splits": 2,
      "scoring": {
        "rmse": "neg_root_mean_squared_error",
        "mae": "neg_mean_absolute_error",
        "r2": "r2"
      },
      "rmse_mean": 269.1474862645355,
      "rmse_std": 6.022230507779426,
      "mae_mean": 79.71460534002782,
      "mae_std": 0.9574645832921576,
      "r2_mean": 0.030879425717271147,
      "r2_std": 0.005741124940735476,
      "fold_rmse": [
        263.1252557567561,
        275.1697167723149
      ],
      "fold_mae": [
        78.75714075673565,
        80.67206992331997
      ],
      "fold_r2": [
        0.03662055065800662,
        0.02513830077653567
      ]
    },
    "is_tree": false
  },
  "Ridge Regression": {
    "test": {
      "mae": 68.34937817805327,
      "rmse": 151.81475307665661,
      "r2": 0.1779186790665933
    },
    "cv": {
      "n_splits": 2,
      "scoring": {
        "rmse": "neg_root_mean_squared_error",
        "mae": "neg_mean_absolute_error",
        "r2": "r2"
      },
      "rmse_mean": 268.8370556759829,
      "rmse_std": 6.15939513398925,
      "mae_mean": 80.77858550591951,
      "mae_std": 0.8843148248739965,
      "r2_mean": 0.03313045781587093,
      "r2_std": 0.006764862309344644,
      "fold_rmse": [
        262.6776605419937,
        274.9964508099722
      ],
      "fold_mae": [
        79.89427068104551,
        81.6629003307935
      ],
      "fold_r2": [
        0.03989532012521557,
        0.026365595506526285
      ]
    },
    "is_tree": false
  },
  "CART / Decision Tree": {
    "test": {
      "mae": 69.46553397434889,
      "rmse": 212.2710948264732,
      "r2": -0.6071948979090935
    },
    "cv": {
      "n_splits": 2,
      "scoring": {
        "rmse": "neg_root_mean_squared_error",
        "mae": "neg_mean_absolute_error",
        "r2": "r2"
      },
      "rmse_mean": 302.7047501711654,
      "rmse_std": 16.4109270400524,
      "mae_mean": 78.10547314276587,
      "mae_std": 1.927684587285512,
      "r2_mean": -0.22580459575128686,
      "r2_std": 0.08530203862437302,
      "fold_rmse": [
        286.293823131113,
        319.1156772112178
      ],
      "fold_mae": [
        80.03315773005139,
        76.17778855548036
      ],
      "fold_r2": [
        -0.14050255712691384,
        -0.3111066343756599
      ]
    },
    "is_tree": true
  },
  "Random Forest": {
    "test": {
      "mae": 68.45767666666667,
      "rmse": 184.4445153390309,
      "r2": -0.21344002627407987
    },
    "cv": {
      "n_splits": 2,
      "scoring": {
        "rmse": "neg_root_mean_squared_error",
        "mae": "neg_mean_absolute_error",
        "r2": "r2"
      },
      "rmse_mean": 274.37726179260494,
      "rmse_std": 9.747392441764532,
      "mae_mean": 75.65225857142858,
      "mae_std": 3.2517785714285736,
      "r2_mean": -0.006886623758694199,
      "r2_std": 0.03245800206614513,
      "fold_rmse": [
        264.6298693508404,
        284.1246542343695
      ],
      "fold_mae": [
        78.90403714285715,
        72.40048
      ],
      "fold_r2": [
        0.02557137830745093,
        -0.03934462582483933
      ]
    },
    "is_tree": true
  },
  "LightGBM": {
    "test": {
      "mae": 77.83840503927726,
      "rmse": 168.71872863915763,
      "r2": -0.01534448369558361
    },
    "cv": {
      "n_splits": 2,
      "scoring": {
        "rmse": "neg_root_mean_squared_error",
        "mae": "neg_mean_absolute_error",
        "r2": "r2"
      },
      "rmse_mean": 273.6843343989875,
      "rmse_std": 8.856559820516992,
      "mae_mean": 84.62229024653774,
      "mae_std": 0.7769162593617764,
      "r2_mean": -0.0018382893084730734,
      "r2_std": 0.025951656631044595,
      "fold_rmse": [
        264.82777457847055,
        282.54089421950454
      ],
      "fold_mae": [
        85.39920650589951,
        83.84537398717596
      ],
      "fold_r2": [
        0.02411336732257152,
        -0.02778994593951767
      ]
    },
    "is_tree": true
  }
}