{
  "linear": {
    "cv": {
      "n_splits": 3,
      "rmse_mean": 232.79501942394813,
      "rmse_std": 13.112135597724418,
      "mae_mean": 73.84453600744924,
      "mae_std": 1.2809269971206518,
      "r2_mean": 0.11002875639222953,
      "r2_std": 0.009741356762675754,
      "fold_rmse": [
        214.63319991431172,
        238.6350367130694,
        245.11682164446322
      ],
      "fold_mae": [
        73.14721576486718,
        75.64111508966064,
        72.74527716781986
      ],
      "fold_r2": [
        0.12372195634920713,
        0.10187324328818026,
        0.1044910695393012
      ]
    },
    "holdout": {
      "rmse": 195.34627853540232,
      "mae": 68.79881643652666,
      "r2": 0.13739402070845397
    },
    "feature_count_encoded": 239,
    "train_seconds": 3.87
  },
  "lasso": {
    "cv": {
      "n_splits": 3,
      "rmse_mean": 232.65876624741963,
      "rmse_std": 13.151066178409396,
      "mae_mean": 73.57309145764907,
      "mae_std": 1.2697135454737651,
      "r2_mean": 0.11108708563277148,
      "r2_std": 0.01008902091779697,
      "fold_rmse": [
        214.44212146065206,
        238.5203669129825,
        245.01381036862443
      ],
      "fold_mae": [
        72.80690049588421,
        75.36259096615719,
        72.54978291090585
      ],
      "fold_r2": [
        0.12528148509277892,
        0.10273617836234117,
        0.10524359344319434
      ]
    },
    "holdout": {
      "rmse": 195.22605438269449,
      "mae": 68.6190357898833,
      "r2": 0.13845546053993774
    },
    "feature_count_encoded": 239,
    "train_seconds": 53.97
  },
  "ridge": {
    "cv": {
      "n_splits": 3,
      "rmse_mean": 232.67697422893207,
      "rmse_std": 13.140306726403498,
      "mae_mean": 73.71779012196897,
      "mae_std": 1.2861737265668596,
      "r2_mean": 0.11094349278604328,
      "r2_std": 0.010027449477360137,
      "fold_rmse": [
        214.47220770942482,
        238.54804997103614,
        245.01066500633524
      ],
      "fold_mae": [
        72.97694195075275,
        75.52686714444911,
        72.64956127070506
      ],
      "fold_r2": [
        0.12503602170335681,
        0.10252789050656708,
        0.10526656614820595
      ]
    },
    "holdout": {
      "rmse": 195.2116805058345,
      "mae": 68.70417792683669,
      "r2": 0.13858232146811778
    },
    "feature_count_encoded": 239,
    "train_seconds": 2.51
  },
  "cart": {
    "cv": {
      "n_splits": 3,
      "rmse_mean": 261.3203692119608,
      "rmse_std": 10.263859009828487,
      "mae_mean": 77.77292699265476,
      "mae_std": 0.8079379241961898,
      "r2_mean": -0.12361779004183131,
      "r2_std": 0.028586502771984518,
      "fold_rmse": [
        246.99894662271745,
        266.43343700106493,
        270.5287240121001
      ],
      "fold_mae": [
        76.86381836324522,
        78.82688656174216,
        77.62807605297692
      ],
      "fold_r2": [
        -0.1604817937910148,
        -0.11955819686530256,
        -0.09081337946917656
      ]
    },
    "holdout": {
      "rmse": 227.52773425985103,
      "mae": 70.33809726270901,
      "r2": -0.17022902129325534
    },
    "feature_count_encoded": 239,
    "train_seconds": 4.61
  },
  "random_forest": {
    "cv": {
      "n_splits": 3,
      "rmse_mean": 229.2861496220361,
      "rmse_std": 12.712284061177003,
      "mae_mean": 67.7861841444564,
      "mae_std": 1.0985322585484776,
      "r2_mean": 0.13645488732729424,
      "r2_std": 0.01748797334538151,
      "fold_rmse": [
        211.34141117227256,
        237.31352119863197,
        239.20351649520376
      ],
      "fold_mae": [
        66.9104686428581,
        69.3353480883467,
        67.11273570216439
      ],
      "fold_r2": [
        0.15039446102011833,
        0.11179301096211969,
        0.1471771899996447
      ]
    },
    "holdout": {
      "rmse": 190.77865077680607,
      "mae": 62.104029686108454,
      "r2": 0.17726167883840183
    },
    "feature_count_encoded": 239,
    "train_seconds": 160.86
  },
  "lightgbm": {
    "cv": {
      "n_splits": 3,
      "rmse_mean": 224.24217354924258,
      "rmse_std": 13.467548759449738,
      "mae_mean": 68.46241328433256,
      "mae_std": 1.2387272530258584,
      "r2_mean": 0.17428777868921017,
      "r2_std": 0.024908932998800114,
      "fold_rmse": [
        205.19888640930336,
        233.48594023711792,
        234.04169400130655
      ],
      "fold_mae": [
        67.79937938808547,
        70.19819422131434,
        67.38966624359787
      ],
      "fold_r2": [
        0.19906342125885124,
        0.14021337016356006,
        0.18358654464521917
      ]
    },
    "holdout": {
      "rmse": 189.84639044122625,
      "mae": 62.525766830876016,
      "r2": 0.18528283079632313
    },
    "feature_count_encoded": 239,
    "train_seconds": 9.71
  }
}